,Timestamp,User Count,Type,Name,Requests/s,Failures/s,50%,66%,75%,80%,90%,95%,98%,99%,99.9%,99.99%,100%,Total Request Count,Total Failure Count,Total Median Response Time,Total Average Response Time,Total Min Response Time,Total Max Response Time,Total Average Content Size,Unnamed: 0.2,Unnamed: 0.1,Unnamed: 0
0,1662314650,0,,Aggregated,0.0,0.0,,,,,,,,,,,,0,0,0.0,0.0,0.0,0.0,0.0,,,
1,1662314651,50,GET,/,0.0,0.0,0.0,0.0,0.0,0.0,0.0,0.0,0.0,0.0,0.0,0.0,0.0,9,0,700.0,736.0325250000011,623.3345860000056,973.2456639999966,76943.0,,,
2,1662314651,50,,Aggregated,0.0,0.0,0.0,0.0,0.0,0.0,0.0,0.0,0.0,0.0,0.0,0.0,0.0,9,0,700.0,736.0325250000011,623.3345860000056,973.2456639999966,76943.0,,,
3,1662314652,100,GET,/,0.0,0.0,0.0,0.0,0.0,0.0,0.0,0.0,0.0,0.0,0.0,0.0,0.0,93,0,920.0,1039.1061601182796,493.8225969999976,1502.258339000001,76943.0,,,
4,1662314652,100,,Aggregated,0.0,0.0,920.0,1200.0,1500.0,1500.0,1500.0,1500.0,1500.0,1500.0,1500.0,1500.0,1500.0,93,0,920.0,1039.1061601182796,493.8225969999976,1502.258339000001,76943.0,,,
5,1662314653,150,GET,/,0.0,0.0,910.0,1000.0,1500.0,1500.0,1500.0,1500.0,1500.0,1500.0,1500.0,1500.0,1500.0,122,0,920.0,965.981072442623,244.1923430000017,1502.258339000001,76943.0,,,
6,1662314653,150,,Aggregated,0.0,0.0,920.0,1000.0,1200.0,1500.0,1500.0,1500.0,1500.0,1500.0,1500.0,1500.0,1500.0,122,0,920.0,965.981072442623,244.1923430000017,1502.258339000001,76943.0,,,
7,1662314654,200,GET,/,10.5,0.0,990.0,1000.0,1100.0,1200.0,1500.0,1500.0,1500.0,1500.0,1500.0,1500.0,1500.0,218,0,990.0,982.0488175321092,244.1923430000017,1502.258339000001,76943.0,,,
8,1662314654,200,,Aggregated,10.5,0.0,990.0,1000.0,1100.0,1200.0,1500.0,1500.0,1500.0,1500.0,1500.0,1500.0,1500.0,218,0,990.0,982.0488175321092,244.1923430000017,1502.258339000001,76943.0,,,
9,1662314655,250,GET,/,34.666667,0.0,1000.0,1200.0,1500.0,1500.0,1500.0,1800.0,2100.0,2200.0,2600.0,2600.0,2600.0,320,0,1000.0,1103.491889556249,244.1923430000017,2560.187192000001,76943.0,,,
10,1662314655,250,,Aggregated,34.666667,0.0,1000.0,1200.0,1400.0,1500.0,1500.0,1700.0,2100.0,2200.0,2600.0,2600.0,2600.0,320,0,1000.0,1103.491889556249,244.1923430000017,2560.187192000001,76943.0,,,
11,1662314656,300,GET,/,39.25,0.0,1000.0,1200.0,1400.0,1500.0,1500.0,1700.0,2100.0,2200.0,2600.0,2600.0,2600.0,402,0,1000.0,1094.2869666368151,244.1923430000017,2560.187192000001,76943.0,,,
12,1662314656,300,,Aggregated,39.25,0.0,1000.0,1200.0,1400.0,1500.0,1500.0,1700.0,2100.0,2200.0,2600.0,2600.0,2600.0,402,0,1000.0,1094.2869666368151,244.1923430000017,2560.187192000001,76943.0,,,
13,1662314657,350,GET,/,46.2,0.0,1000.0,1200.0,1400.0,1500.0,1500.0,1700.0,2100.0,2200.0,2600.0,2600.0,2600.0,461,0,1000.0,1096.0070009457695,244.1923430000017,2560.187192000001,76943.0,,,
14,1662314657,350,,Aggregated,46.2,0.0,1000.0,1200.0,1300.0,1500.0,1500.0,1600.0,2000.0,2200.0,2600.0,2600.0,2600.0,461,0,1000.0,1096.0070009457695,244.1923430000017,2560.187192000001,76943.0,,,
15,1662314658,400,GET,/,54.666667,0.0,1000.0,1200.0,1400.0,1500.0,1500.0,1700.0,2000.0,2200.0,2600.0,2600.0,2600.0,535,0,1000.0,1104.934542293457,244.1923430000017,2560.187192000001,76943.0,,,
16,1662314658,400,,Aggregated,54.666667,0.0,1000.0,1200.0,1300.0,1400.0,1500.0,1700.0,2000.0,2200.0,2600.0,2600.0,2600.0,535,0,1000.0,1104.934542293457,244.1923430000017,2560.187192000001,76943.0,,,
17,1662314659,450,GET,/,57.857143,0.0,1100.0,1200.0,1400.0,1500.0,1500.0,1700.0,2000.0,2200.0,2600.0,2600.0,2600.0,614,0,1100.0,1114.1811193925073,244.1923430000017,2560.187192000001,76943.0,,,
18,1662314659,450,,Aggregated,57.857143,0.0,1100.0,1200.0,1400.0,1500.0,1500.0,1600.0,2000.0,2100.0,2600.0,2600.0,2600.0,614,0,1100.0,1114.1811193925073,244.1923430000017,2560.187192000001,76943.0,,,
19,1662314660,500,GET,/,60.375,0.0,1100.0,1200.0,1400.0,1500.0,1500.0,1600.0,1900.0,2100.0,2600.0,2600.0,2600.0,694,0,1100.0,1119.2960750951002,244.1923430000017,2560.187192000001,76943.0,,,
20,1662314660,500,,Aggregated,60.375,0.0,1100.0,1200.0,1400.0,1500.0,1500.0,1600.0,1900.0,2100.0,2600.0,2600.0,2600.0,694,0,1100.0,1119.2960750951002,244.1923430000017,2560.187192000001,76943.0,,,
21,1662314661,500,GET,/,60.333333,0.0,1000.0,1200.0,1400.0,1500.0,1500.0,1700.0,1900.0,2100.0,2600.0,2600.0,2600.0,779,0,1000.0,1112.059682331193,244.1923430000017,2560.187192000001,76943.0,,,
22,1662314661,500,,Aggregated,60.333333,0.0,1000.0,1200.0,1400.0,1500.0,1500.0,1700.0,1900.0,2100.0,2600.0,2600.0,2600.0,779,0,1000.0,1112.059682331193,244.1923430000017,2560.187192000001,76943.0,,,
23,1662314662,500,GET,/,61.7,0.0,1000.0,1200.0,1400.0,1500.0,1600.0,1800.0,2300.0,2500.0,3200.0,3200.0,3200.0,882,0,1000.0,1115.7044048458044,244.1923430000017,3193.2820680000023,76943.0,,,
24,1662314662,500,,Aggregated,61.7,0.0,1000.0,1200.0,1400.0,1500.0,1600.0,1800.0,2300.0,2500.0,3200.0,3200.0,3200.0,882,0,1000.0,1115.7044048458044,244.1923430000017,3193.2820680000023,76943.0,,,
25,1662314663,500,GET,/,70.2,0.0,1000.0,1200.0,1400.0,1500.0,1700.0,2100.0,2800.0,3100.0,3700.0,3700.0,3700.0,960,0,1000.0,1137.2007804999994,244.1923430000017,3683.793470999994,76943.0,,,
26,1662314663,500,,Aggregated,70.2,0.0,1000.0,1200.0,1400.0,1500.0,1700.0,2100.0,2800.0,3100.0,3700.0,3700.0,3700.0,960,0,1000.0,1137.2007804999994,244.1923430000017,3683.793470999994,76943.0,,,
27,1662314664,500,GET,/,77.2,0.0,970.0,1200.0,1400.0,1500.0,1700.0,2100.0,3000.0,3100.0,3700.0,3700.0,3700.0,1035,0,980.0,1117.984693550724,244.1923430000017,3683.793470999994,76943.0,,,
28,1662314664,500,,Aggregated,77.2,0.0,970.0,1200.0,1400.0,1500.0,1700.0,2100.0,3000.0,3100.0,3700.0,3700.0,3700.0,1035,0,980.0,1117.984693550724,244.1923430000017,3683.793470999994,76943.0,,,
29,1662314665,500,GET,/,79.6,0.0,910.0,1100.0,1300.0,1500.0,1700.0,2100.0,3000.0,3100.0,3700.0,3700.0,3700.0,1160,0,960.0,1111.7979926836208,244.1923430000017,3683.793470999994,76943.0,,,
30,1662314665,500,,Aggregated,79.6,0.0,910.0,1100.0,1300.0,1500.0,1700.0,2100.0,3000.0,3100.0,3700.0,3700.0,3700.0,1160,0,960.0,1111.7979926836208,244.1923430000017,3683.793470999994,76943.0,,,
31,1662314666,500,GET,/,82.1,0.0,900.0,1100.0,1300.0,1500.0,1900.0,3000.0,3500.0,7000.0,7900.0,7900.0,7900.0,1267,0,940.0,1183.5660963212315,244.1923430000017,7889.094483000001,76943.0,,,
32,1662314666,500,,Aggregated,82.1,0.0,900.0,1100.0,1300.0,1500.0,1900.0,3000.0,3500.0,7000.0,7900.0,7900.0,7900.0,1267,0,940.0,1183.5660963212315,244.1923430000017,7889.094483000001,76943.0,,,
33,1662314667,500,GET,/,83.3,0.0,860.0,1000.0,1300.0,1500.0,1900.0,3000.0,3600.0,7400.0,7900.0,7900.0,7900.0,1346,0,920.0,1165.08114138113,244.1923430000017,7889.094483000001,76943.0,,,
34,1662314667,500,,Aggregated,83.3,0.0,860.0,1000.0,1300.0,1500.0,1900.0,3000.0,3600.0,7400.0,7900.0,7900.0,7900.0,1346,0,920.0,1165.08114138113,244.1923430000017,7889.094483000001,76943.0,,,
35,1662314668,500,GET,/,85.7,0.0,830.0,920.0,1200.0,1500.0,1900.0,3000.0,3500.0,7000.0,7900.0,7900.0,7900.0,1458,0,900.0,1142.41335985391,244.1923430000017,7889.094483000001,76943.0,,,
36,1662314668,500,,Aggregated,85.7,0.0,830.0,920.0,1200.0,1500.0,1900.0,3000.0,3500.0,7000.0,7900.0,7900.0,7900.0,1458,0,900.0,1142.41335985391,244.1923430000017,7889.094483000001,76943.0,,,
37,1662314669,500,GET,/,87.2,0.0,810.0,890.0,1100.0,1400.0,2100.0,3000.0,3500.0,7000.0,7900.0,7900.0,7900.0,1552,0,890.0,1146.8964685979383,244.1923430000017,7889.094483000001,76943.0,,,
38,1662314669,500,,Aggregated,87.2,0.0,810.0,890.0,1100.0,1400.0,2100.0,3000.0,3500.0,7000.0,7900.0,7900.0,7900.0,1552,0,890.0,1146.8964685979383,244.1923430000017,7889.094483000001,76943.0,,,
39,1662314670,500,GET,/,88.1,0.0,800.0,850.0,920.0,1200.0,2100.0,3000.0,3500.0,7000.0,7900.0,7900.0,7900.0,1643,0,880.0,1127.8012821819843,244.1923430000017,7889.094483000001,76943.0,,,
40,1662314670,500,,Aggregated,88.1,0.0,800.0,850.0,920.0,1200.0,2100.0,3000.0,3500.0,7000.0,7900.0,7900.0,7900.0,1643,0,880.0,1127.8012821819843,244.1923430000017,7889.094483000001,76943.0,,,
41,1662314671,500,GET,/,94.0,0.0,780.0,840.0,900.0,1100.0,2300.0,3000.0,3500.0,7000.0,7900.0,7900.0,7900.0,1760,0,870.0,1124.4624731676138,244.1923430000017,7889.094483000001,76943.0,,,
42,1662314671,500,,Aggregated,94.0,0.0,780.0,840.0,900.0,1100.0,2300.0,3000.0,3500.0,7000.0,7900.0,7900.0,7900.0,1760,0,870.0,1124.4624731676138,244.1923430000017,7889.094483000001,76943.0,,,
43,1662314672,500,GET,/,94.8,0.0,780.0,840.0,890.0,1000.0,2400.0,3200.0,6200.0,7400.0,13000.0,13000.0,13000.0,1847,0,860.0,1160.3546143584192,244.1923430000017,13377.432161999996,76943.0,,,
44,1662314672,500,,Aggregated,94.8,0.0,780.0,840.0,890.0,1000.0,2400.0,3200.0,6200.0,7400.0,13000.0,13000.0,13000.0,1847,0,860.0,1160.3546143584192,244.1923430000017,13377.432161999996,76943.0,,,
45,1662314673,500,GET,/,96.0,0.0,770.0,820.0,880.0,940.0,2200.0,3100.0,6100.0,7400.0,13000.0,13000.0,13000.0,1935,0,850.0,1142.9194779483207,244.1923430000017,13377.432161999996,76943.0,,,
46,1662314673,500,,Aggregated,96.0,0.0,770.0,820.0,880.0,940.0,2200.0,3100.0,6100.0,7400.0,13000.0,13000.0,13000.0,1935,0,850.0,1142.9194779483207,244.1923430000017,13377.432161999996,76943.0,,,
47,1662314674,500,GET,/,99.5,0.0,770.0,820.0,880.0,1000.0,2200.0,3000.0,6100.0,7400.0,13000.0,13000.0,13000.0,2048,0,840.0,1132.514297754884,244.1923430000017,13377.432161999996,76943.0,,,
48,1662314674,500,,Aggregated,99.5,0.0,770.0,820.0,880.0,1000.0,2200.0,3000.0,6100.0,7400.0,13000.0,13000.0,13000.0,2048,0,840.0,1132.514297754884,244.1923430000017,13377.432161999996,76943.0,,,
49,1662314675,500,GET,/,97.1,0.0,770.0,810.0,850.0,910.0,2200.0,3100.0,6100.0,7400.0,13000.0,13000.0,13000.0,2138,0,840.0,1134.28047021609,244.1923430000017,13377.432161999996,76943.0,,,
50,1662314675,500,,Aggregated,97.1,0.0,770.0,810.0,850.0,910.0,2200.0,3100.0,6100.0,7400.0,13000.0,13000.0,13000.0,2138,0,840.0,1134.28047021609,244.1923430000017,13377.432161999996,76943.0,,,
51,1662314676,500,GET,/,97.5,0.0,760.0,810.0,850.0,890.0,1800.0,2500.0,3300.0,6000.0,13000.0,13000.0,13000.0,2235,0,830.0,1119.287000349888,244.1923430000017,13377.432161999996,76943.0,,,
52,1662314676,500,,Aggregated,97.5,0.0,760.0,810.0,850.0,890.0,1800.0,2500.0,3300.0,6000.0,13000.0,13000.0,13000.0,2235,0,830.0,1119.287000349888,244.1923430000017,13377.432161999996,76943.0,,,
53,1662314677,500,GET,/,100.8,0.0,760.0,810.0,850.0,940.0,2000.0,2600.0,3300.0,5900.0,13000.0,13000.0,13000.0,2343,0,830.0,1115.8764816188657,244.1923430000017,13377.432161999996,76943.0,,,
54,1662314677,500,,Aggregated,100.8,0.0,760.0,810.0,850.0,940.0,2000.0,2600.0,3300.0,5900.0,13000.0,13000.0,13000.0,2343,0,830.0,1115.8764816188657,244.1923430000017,13377.432161999996,76943.0,,,
55,1662314678,500,GET,/,97.4,0.0,760.0,800.0,850.0,900.0,2000.0,2600.0,3400.0,6100.0,13000.0,13000.0,13000.0,2453,0,820.0,1107.0448521496128,244.1923430000017,13377.432161999996,76943.0,,,
56,1662314678,500,,Aggregated,97.4,0.0,760.0,800.0,850.0,900.0,2000.0,2600.0,3400.0,6100.0,13000.0,13000.0,13000.0,2453,0,820.0,1107.0448521496128,244.1923430000017,13377.432161999996,76943.0,,,
57,1662314679,500,GET,/,98.1,0.0,750.0,800.0,840.0,880.0,1700.0,2500.0,3300.0,6200.0,13000.0,13000.0,13000.0,2522,0,820.0,1100.2939150027755,244.1923430000017,13377.432161999996,76943.0,,,
58,1662314679,500,,Aggregated,98.1,0.0,750.0,800.0,840.0,880.0,1700.0,2500.0,3300.0,6200.0,13000.0,13000.0,13000.0,2522,0,820.0,1100.2939150027755,244.1923430000017,13377.432161999996,76943.0,,,
59,1662314680,400,GET,/,101.0,0.0,760.0,810.0,840.0,880.0,1800.0,2500.0,3300.0,6200.0,13000.0,13000.0,13000.0,2592,0,820.0,1092.4888304826386,244.1923430000017,13377.432161999996,76943.0,,,
60,1662314680,400,,Aggregated,101.0,0.0,760.0,810.0,840.0,880.0,1800.0,2500.0,3300.0,6200.0,13000.0,13000.0,13000.0,2592,0,820.0,1092.4888304826386,244.1923430000017,13377.432161999996,76943.0,,,
0,1662294051,0,,Aggregated,0.0,0.0,,,,,,,,,,,,0,0,0.0,0.0,0.0,0.0,0.0,0.0,,
1,1662294052,50,GET,/,0.0,0.0,0.0,0.0,0.0,0.0,0.0,0.0,0.0,0.0,0.0,0.0,0.0,4,0,920.0,949.6498560000006,916.2605839999856,980.7583129999956,76943.0,1.0,,
2,1662294052,50,,Aggregated,0.0,0.0,0.0,0.0,0.0,0.0,0.0,0.0,0.0,0.0,0.0,0.0,0.0,4,0,920.0,949.6498560000006,916.2605839999856,980.7583129999956,76943.0,2.0,,
3,1662294053,100,GET,/,0.0,0.0,0.0,0.0,0.0,0.0,0.0,0.0,0.0,0.0,0.0,0.0,0.0,76,0,1100.0,1177.6965981184203,469.6517189999838,1532.1620500000108,76943.0,3.0,,
4,1662294053,100,,Aggregated,0.0,0.0,1100.0,1400.0,1500.0,1500.0,1500.0,1500.0,1500.0,1500.0,1500.0,1500.0,1500.0,76,0,1100.0,1177.6965981184203,469.6517189999838,1532.1620500000108,76943.0,4.0,,
5,1662294054,150,GET,/,0.0,0.0,970.0,1000.0,1000.0,1000.0,1100.0,1100.0,1400.0,1400.0,1400.0,1400.0,1400.0,129,0,1000.0,1067.3043916434108,413.89243800000486,1532.1620500000108,76943.0,5.0,,
6,1662294054,150,,Aggregated,0.0,0.0,1000.0,1100.0,1400.0,1400.0,1500.0,1500.0,1500.0,1500.0,1500.0,1500.0,1500.0,129,0,1000.0,1067.3043916434108,413.89243800000486,1532.1620500000108,76943.0,6.0,,
7,1662294055,200,GET,/,30.5,0.0,970.0,1000.0,1000.0,1000.0,1100.0,1100.0,1200.0,1400.0,1400.0,1400.0,1400.0,222,0,1000.0,998.5941785135132,413.89243800000486,1532.1620500000108,76943.0,7.0,,
8,1662294055,200,,Aggregated,30.5,0.0,1000.0,1000.0,1100.0,1100.0,1500.0,1500.0,1500.0,1500.0,1500.0,1500.0,1500.0,222,0,1000.0,998.5941785135132,413.89243800000486,1532.1620500000108,76943.0,8.0,,
9,1662294056,250,GET,/,39.0,0.0,1000.0,1100.0,1100.0,1300.0,1500.0,1500.0,1600.0,1700.0,1800.0,1800.0,1800.0,324,0,1000.0,1070.18273100926,413.89243800000486,1780.718500000006,76943.0,9.0,,
10,1662294056,250,,Aggregated,39.0,0.0,1000.0,1100.0,1400.0,1500.0,1500.0,1500.0,1600.0,1700.0,1800.0,1800.0,1800.0,324,0,1000.0,1070.18273100926,413.89243800000486,1780.718500000006,76943.0,10.0,,
11,1662294057,300,GET,/,54.75,0.0,1000.0,1100.0,1300.0,1400.0,1500.0,1500.0,1600.0,1700.0,1800.0,1800.0,1800.0,394,0,1000.0,1093.2197789111683,413.89243800000486,1780.718500000006,76943.0,11.0,,
12,1662294057,300,,Aggregated,54.75,0.0,1000.0,1200.0,1400.0,1500.0,1500.0,1500.0,1600.0,1700.0,1800.0,1800.0,1800.0,394,0,1000.0,1093.2197789111683,413.89243800000486,1780.718500000006,76943.0,12.0,,
13,1662294058,350,GET,/,64.2,0.0,1000.0,1100.0,1300.0,1500.0,1500.0,1600.0,1700.0,1700.0,1900.0,1900.0,1900.0,484,0,1000.0,1102.0068607851242,413.89243800000486,1882.8958969999967,76943.0,13.0,,
14,1662294058,350,,Aggregated,64.2,0.0,1000.0,1300.0,1400.0,1500.0,1500.0,1600.0,1700.0,1700.0,1900.0,1900.0,1900.0,484,0,1000.0,1102.0068607851242,413.89243800000486,1882.8958969999967,76943.0,14.0,,
15,1662294059,400,GET,/,65.0,0.0,1000.0,1200.0,1400.0,1500.0,1500.0,1700.0,1800.0,1900.0,2500.0,2500.0,2500.0,565,0,1000.0,1131.6729347008854,413.89243800000486,2512.7923670000027,76943.0,15.0,,
16,1662294059,400,,Aggregated,65.0,0.0,1000.0,1300.0,1400.0,1500.0,1500.0,1700.0,1800.0,1900.0,2500.0,2500.0,2500.0,565,0,1000.0,1131.6729347008854,413.89243800000486,2512.7923670000027,76943.0,16.0,,
17,1662294060,450,GET,/,69.0,0.0,1000.0,1300.0,1400.0,1500.0,1600.0,1700.0,1900.0,2100.0,2500.0,2500.0,2500.0,643,0,1100.0,1152.1646372192845,413.89243800000486,2512.7923670000027,76943.0,17.0,,
18,1662294060,450,,Aggregated,69.0,0.0,1100.0,1300.0,1500.0,1500.0,1500.0,1700.0,1900.0,2000.0,2500.0,2500.0,2500.0,643,0,1100.0,1152.1646372192845,413.89243800000486,2512.7923670000027,76943.0,18.0,,
19,1662294061,500,GET,/,69.25,0.0,1000.0,1300.0,1500.0,1500.0,1600.0,1700.0,1900.0,2100.0,2500.0,2500.0,2500.0,730,0,1100.0,1159.2293242342455,413.89243800000486,2512.7923670000027,76943.0,19.0,,
20,1662294061,500,,Aggregated,69.25,0.0,1100.0,1300.0,1500.0,1500.0,1600.0,1700.0,1900.0,2000.0,2500.0,2500.0,2500.0,730,0,1100.0,1159.2293242342455,413.89243800000486,2512.7923670000027,76943.0,20.0,,
21,1662294062,550,GET,/,70.333333,0.0,1100.0,1300.0,1500.0,1500.0,1600.0,1800.0,1900.0,2000.0,2500.0,2500.0,2500.0,787,0,1100.0,1171.7324673125777,413.89243800000486,2512.7923670000027,76943.0,21.0,,
22,1662294062,550,,Aggregated,70.333333,0.0,1100.0,1300.0,1500.0,1500.0,1600.0,1800.0,1900.0,2000.0,2500.0,2500.0,2500.0,787,0,1100.0,1171.7324673125777,413.89243800000486,2512.7923670000027,76943.0,22.0,,
23,1662294063,600,GET,/,72.1,0.0,1100.0,1400.0,1500.0,1500.0,1700.0,1800.0,1900.0,2100.0,2500.0,2500.0,2500.0,868,0,1100.0,1176.9815566958512,413.89243800000486,2512.7923670000027,76943.0,23.0,,
24,1662294063,600,,Aggregated,72.1,0.0,1100.0,1400.0,1500.0,1500.0,1700.0,1800.0,1900.0,2100.0,2500.0,2500.0,2500.0,868,0,1100.0,1176.9815566958512,413.89243800000486,2512.7923670000027,76943.0,24.0,,
25,1662294064,650,GET,/,76.8,0.0,1300.0,1500.0,1500.0,1500.0,1700.0,1900.0,2000.0,2300.0,2500.0,2500.0,2500.0,948,0,1100.0,1197.0021970991545,413.89243800000486,2512.7923670000027,76943.0,25.0,,
26,1662294064,650,,Aggregated,76.8,0.0,1300.0,1500.0,1500.0,1500.0,1700.0,1900.0,2000.0,2300.0,2500.0,2500.0,2500.0,948,0,1100.0,1197.0021970991545,413.89243800000486,2512.7923670000027,76943.0,26.0,,
27,1662294065,700,GET,/,78.4,0.0,1300.0,1500.0,1500.0,1500.0,1700.0,1900.0,2100.0,2300.0,2500.0,2500.0,2500.0,1021,0,1100.0,1197.1443067267364,413.89243800000486,2512.7923670000027,76943.0,27.0,,
28,1662294065,700,,Aggregated,78.4,0.0,1300.0,1500.0,1500.0,1500.0,1700.0,1900.0,2100.0,2300.0,2500.0,2500.0,2500.0,1021,0,1100.0,1197.1443067267364,413.89243800000486,2512.7923670000027,76943.0,28.0,,
29,1662294066,750,GET,/,82.3,0.0,1200.0,1500.0,1500.0,1600.0,1700.0,1900.0,2000.0,2300.0,2500.0,2500.0,2500.0,1105,0,1100.0,1200.4247194515824,413.89243800000486,2512.7923670000027,76943.0,29.0,,
30,1662294066,750,,Aggregated,82.3,0.0,1200.0,1500.0,1500.0,1600.0,1700.0,1900.0,2000.0,2300.0,2500.0,2500.0,2500.0,1105,0,1100.0,1200.4247194515824,413.89243800000486,2512.7923670000027,76943.0,30.0,,
31,1662294067,800,GET,/,79.9,0.0,1300.0,1500.0,1500.0,1600.0,1800.0,1900.0,2200.0,2300.0,2500.0,2500.0,2500.0,1182,0,1100.0,1208.3275615727573,413.89243800000486,2512.7923670000027,76943.0,31.0,,
32,1662294067,800,,Aggregated,79.9,0.0,1300.0,1500.0,1500.0,1600.0,1800.0,1900.0,2200.0,2300.0,2500.0,2500.0,2500.0,1182,0,1100.0,1208.3275615727573,413.89243800000486,2512.7923670000027,76943.0,32.0,,
33,1662294068,850,GET,/,77.3,0.0,1200.0,1500.0,1500.0,1600.0,1700.0,1900.0,2100.0,2300.0,2500.0,2500.0,2500.0,1269,0,1100.0,1204.010318152088,413.89243800000486,2512.7923670000027,76943.0,33.0,,
34,1662294068,850,,Aggregated,77.3,0.0,1200.0,1500.0,1500.0,1600.0,1700.0,1900.0,2100.0,2300.0,2500.0,2500.0,2500.0,1269,0,1100.0,1204.010318152088,413.89243800000486,2512.7923670000027,76943.0,34.0,,
35,1662294069,900,GET,/,78.4,0.0,1200.0,1500.0,1500.0,1600.0,1800.0,1900.0,2100.0,2300.0,2500.0,2500.0,2500.0,1332,0,1100.0,1209.7962643941437,413.89243800000486,2512.7923670000027,76943.0,35.0,,
36,1662294069,900,,Aggregated,78.4,0.0,1200.0,1500.0,1500.0,1600.0,1800.0,1900.0,2100.0,2300.0,2500.0,2500.0,2500.0,1332,0,1100.0,1209.7962643941437,413.89243800000486,2512.7923670000027,76943.0,36.0,,
37,1662294070,950,GET,/,77.2,0.0,1200.0,1500.0,1500.0,1600.0,1800.0,1900.0,2000.0,2300.0,2500.0,2500.0,2500.0,1416,0,1100.0,1208.599740305084,413.89243800000486,2512.7923670000027,76943.0,37.0,,
38,1662294070,950,,Aggregated,77.2,0.0,1200.0,1500.0,1500.0,1600.0,1800.0,1900.0,2000.0,2300.0,2500.0,2500.0,2500.0,1416,0,1100.0,1208.599740305084,413.89243800000486,2512.7923670000027,76943.0,38.0,,
39,1662294071,1000,GET,/,75.4,0.0,1200.0,1500.0,1500.0,1600.0,1800.0,1900.0,2000.0,2300.0,2500.0,2500.0,2500.0,1494,0,1100.0,1218.2910736994636,413.89243800000486,2512.7923670000027,76943.0,39.0,,
40,1662294071,1000,,Aggregated,75.4,0.0,1200.0,1500.0,1500.0,1600.0,1800.0,1900.0,2000.0,2300.0,2500.0,2500.0,2500.0,1494,0,1100.0,1218.2910736994636,413.89243800000486,2512.7923670000027,76943.0,40.0,,
41,1662294072,1000,GET,/,77.4,0.0,1200.0,1400.0,1500.0,1600.0,1700.0,1800.0,2000.0,2200.0,2500.0,2500.0,2500.0,1576,0,1100.0,1212.9591423077402,413.89243800000486,2512.7923670000027,76943.0,41.0,,
42,1662294072,1000,,Aggregated,77.4,0.0,1200.0,1400.0,1500.0,1600.0,1700.0,1800.0,2000.0,2200.0,2500.0,2500.0,2500.0,1576,0,1100.0,1212.9591423077402,413.89243800000486,2512.7923670000027,76943.0,42.0,,
43,1662294073,1000,GET,/,76.0,0.0,1100.0,1400.0,1500.0,1600.0,1800.0,1900.0,2100.0,2300.0,2700.0,2700.0,2700.0,1660,0,1100.0,1212.613517139156,413.89243800000486,2687.254719000009,76943.0,43.0,,
44,1662294073,1000,,Aggregated,76.0,0.0,1100.0,1400.0,1500.0,1600.0,1800.0,1900.0,2100.0,2300.0,2700.0,2700.0,2700.0,1660,0,1100.0,1212.613517139156,413.89243800000486,2687.254719000009,76943.0,44.0,,
45,1662294074,1000,GET,/,78.7,0.0,1100.0,1400.0,1500.0,1600.0,1800.0,1900.0,2400.0,2700.0,3600.0,3600.0,3600.0,1750,0,1100.0,1207.132693581714,413.89243800000486,3649.470689999987,76943.0,45.0,,
46,1662294074,1000,,Aggregated,78.7,0.0,1100.0,1400.0,1500.0,1600.0,1800.0,1900.0,2400.0,2700.0,3600.0,3600.0,3600.0,1750,0,1100.0,1207.132693581714,413.89243800000486,3649.470689999987,76943.0,46.0,,
47,1662294075,1000,GET,/,80.6,0.0,1000.0,1300.0,1500.0,1600.0,1800.0,2100.0,2800.0,3900.0,4900.0,4900.0,4900.0,1864,0,1100.0,1207.8056136078324,413.89243800000486,4907.099071999994,76943.0,47.0,,
48,1662294075,1000,,Aggregated,80.6,0.0,1000.0,1300.0,1500.0,1600.0,1800.0,2100.0,2800.0,3900.0,4900.0,4900.0,4900.0,1864,0,1100.0,1207.8056136078324,413.89243800000486,4907.099071999994,76943.0,48.0,,
49,1662294076,1000,GET,/,80.2,0.0,940.0,1200.0,1400.0,1500.0,1800.0,2000.0,3100.0,4200.0,5100.0,5100.0,5100.0,1959,0,1000.0,1197.2075610627874,413.89243800000486,5134.529623999981,76943.0,49.0,,
50,1662294076,1000,,Aggregated,80.2,0.0,940.0,1200.0,1400.0,1500.0,1800.0,2000.0,3100.0,4200.0,5100.0,5100.0,5100.0,1959,0,1000.0,1197.2075610627874,413.89243800000486,5134.529623999981,76943.0,50.0,,
51,1662294077,1000,GET,/,83.7,0.0,920.0,1100.0,1300.0,1500.0,1800.0,2000.0,3000.0,4100.0,5100.0,5100.0,5100.0,2057,0,1000.0,1181.786023265921,413.89243800000486,5134.529623999981,76943.0,51.0,,
52,1662294077,1000,,Aggregated,83.7,0.0,920.0,1100.0,1300.0,1500.0,1800.0,2000.0,3000.0,4100.0,5100.0,5100.0,5100.0,2057,0,1000.0,1181.786023265921,413.89243800000486,5134.529623999981,76943.0,52.0,,
53,1662294078,1000,GET,/,85.7,0.0,890.0,1000.0,1300.0,1500.0,1800.0,2500.0,3100.0,4200.0,5100.0,5100.0,5100.0,2175,0,1000.0,1183.894420406436,413.89243800000486,5134.529623999981,76943.0,53.0,,
54,1662294078,1000,,Aggregated,85.7,0.0,890.0,1000.0,1300.0,1500.0,1800.0,2500.0,3100.0,4200.0,5100.0,5100.0,5100.0,2175,0,1000.0,1183.894420406436,413.89243800000486,5134.529623999981,76943.0,54.0,,
55,1662294079,1000,GET,/,86.6,0.0,860.0,970.0,1200.0,1400.0,1900.0,2700.0,4200.0,4900.0,8800.0,8800.0,8800.0,2250,0,1000.0,1200.8619945008886,413.89243800000486,8789.914183000008,76943.0,55.0,,
56,1662294079,1000,,Aggregated,86.6,0.0,860.0,970.0,1200.0,1400.0,1900.0,2700.0,4200.0,4900.0,8800.0,8800.0,8800.0,2250,0,1000.0,1200.8619945008886,413.89243800000486,8789.914183000008,76943.0,56.0,,
57,1662294080,1000,GET,/,89.6,0.0,840.0,910.0,990.0,1100.0,1800.0,2700.0,4100.0,4900.0,8800.0,8800.0,8800.0,2335,0,990.0,1187.1137563216266,413.89243800000486,8789.914183000008,76943.0,57.0,,
58,1662294080,1000,,Aggregated,89.6,0.0,840.0,910.0,990.0,1100.0,1800.0,2700.0,4100.0,4900.0,8800.0,8800.0,8800.0,2335,0,990.0,1187.1137563216266,413.89243800000486,8789.914183000008,76943.0,58.0,,
59,1662294081,1000,GET,/,93.7,0.0,830.0,890.0,970.0,1100.0,2000.0,2600.0,4100.0,4900.0,8800.0,8800.0,8800.0,2448,0,970.0,1180.6369993484468,413.89243800000486,8789.914183000008,76943.0,59.0,,
60,1662294081,1000,,Aggregated,93.7,0.0,830.0,890.0,970.0,1100.0,2000.0,2600.0,4100.0,4900.0,8800.0,8800.0,8800.0,2448,0,970.0,1180.6369993484468,413.89243800000486,8789.914183000008,76943.0,60.0,,
61,1662294082,1000,GET,/,91.8,0.0,820.0,880.0,950.0,1000.0,2400.0,3100.0,4500.0,8600.0,12000.0,12000.0,12000.0,2539,0,970.0,1207.7112339614014,413.89243800000486,11538.541639999978,76943.0,61.0,,
62,1662294082,1000,,Aggregated,91.8,0.0,820.0,880.0,950.0,1000.0,2400.0,3100.0,4500.0,8600.0,12000.0,12000.0,12000.0,2539,0,970.0,1207.7112339614014,413.89243800000486,11538.541639999978,76943.0,62.0,,
63,1662294083,1000,GET,/,96.1,0.0,820.0,870.0,940.0,990.0,2200.0,3100.0,4600.0,8800.0,12000.0,12000.0,12000.0,2632,0,960.0,1204.3422124593462,413.89243800000486,12026.024440000016,76943.0,63.0,,
64,1662294083,1000,,Aggregated,96.1,0.0,820.0,870.0,940.0,990.0,2200.0,3100.0,4600.0,8800.0,12000.0,12000.0,12000.0,2632,0,960.0,1204.3422124593462,413.89243800000486,12026.024440000016,76943.0,64.0,,
65,1662294084,1000,GET,/,97.7,0.0,820.0,880.0,950.0,990.0,2000.0,2900.0,4600.0,8800.0,12000.0,12000.0,12000.0,2744,0,950.0,1196.3368569402328,413.89243800000486,12026.024440000016,76943.0,65.0,,
66,1662294084,1000,,Aggregated,97.7,0.0,820.0,880.0,950.0,990.0,2000.0,2900.0,4600.0,8800.0,12000.0,12000.0,12000.0,2744,0,950.0,1196.3368569402328,413.89243800000486,12026.024440000016,76943.0,66.0,,
67,1662294085,1000,GET,/,96.7,0.0,820.0,890.0,960.0,1000.0,2500.0,3300.0,4800.0,8800.0,12000.0,12000.0,12000.0,2846,0,950.0,1210.515261036191,413.89243800000486,12026.024440000016,76943.0,67.0,,
68,1662294085,1000,,Aggregated,96.7,0.0,820.0,890.0,960.0,1000.0,2500.0,3300.0,4800.0,8800.0,12000.0,12000.0,12000.0,2846,0,950.0,1210.515261036191,413.89243800000486,12026.024440000016,76943.0,68.0,,
69,1662294086,1000,GET,/,97.7,0.0,810.0,870.0,940.0,1000.0,2500.0,3300.0,4400.0,8600.0,12000.0,12000.0,12000.0,2943,0,940.0,1196.9482695851166,413.89243800000486,12026.024440000016,76943.0,69.0,,
70,1662294086,1000,,Aggregated,97.7,0.0,810.0,870.0,940.0,1000.0,2500.0,3300.0,4400.0,8600.0,12000.0,12000.0,12000.0,2943,0,940.0,1196.9482695851166,413.89243800000486,12026.024440000016,76943.0,70.0,,
71,1662294087,1000,GET,/,97.7,0.0,810.0,870.0,940.0,990.0,2400.0,3300.0,4800.0,8800.0,12000.0,12000.0,12000.0,3030,0,930.0,1186.2293507511545,413.89243800000486,12026.024440000016,76943.0,71.0,,
72,1662294087,1000,,Aggregated,97.7,0.0,810.0,870.0,940.0,990.0,2400.0,3300.0,4800.0,8800.0,12000.0,12000.0,12000.0,3030,0,930.0,1186.2293507511545,413.89243800000486,12026.024440000016,76943.0,72.0,,
73,1662294088,1000,GET,/,98.0,0.0,810.0,860.0,920.0,970.0,1700.0,2900.0,3700.0,6400.0,12000.0,12000.0,12000.0,3146,0,920.0,1175.7391165874126,413.89243800000486,12026.024440000016,76943.0,73.0,,
74,1662294088,1000,,Aggregated,98.0,0.0,810.0,860.0,920.0,970.0,1700.0,2900.0,3700.0,6400.0,12000.0,12000.0,12000.0,3146,0,920.0,1175.7391165874126,413.89243800000486,12026.024440000016,76943.0,74.0,,
75,1662294089,1000,GET,/,98.1,0.0,800.0,860.0,940.0,990.0,2000.0,3200.0,3800.0,6400.0,12000.0,12000.0,12000.0,3241,0,910.0,1175.4714178040724,413.89243800000486,12026.024440000016,76943.0,75.0,,
76,1662294089,1000,,Aggregated,98.1,0.0,800.0,860.0,940.0,990.0,2000.0,3200.0,3800.0,6400.0,12000.0,12000.0,12000.0,3241,0,910.0,1175.4714178040724,413.89243800000486,12026.024440000016,76943.0,76.0,,
77,1662294090,1000,GET,/,97.5,0.0,800.0,860.0,920.0,970.0,1700.0,3300.0,3900.0,6600.0,12000.0,12000.0,12000.0,3340,0,910.0,1168.2232484571855,413.89243800000486,12026.024440000016,76943.0,77.0,,
78,1662294090,1000,,Aggregated,97.5,0.0,800.0,860.0,920.0,970.0,1700.0,3300.0,3900.0,6600.0,12000.0,12000.0,12000.0,3340,0,910.0,1168.2232484571855,413.89243800000486,12026.024440000016,76943.0,78.0,,
79,1662294091,1000,GET,/,98.8,0.0,800.0,850.0,910.0,960.0,1300.0,2800.0,3400.0,4000.0,12000.0,12000.0,12000.0,3439,0,900.0,1159.9306974492586,413.89243800000486,12026.024440000016,76943.0,79.0,,
80,1662294091,1000,,Aggregated,98.8,0.0,800.0,850.0,910.0,960.0,1300.0,2800.0,3400.0,4000.0,12000.0,12000.0,12000.0,3439,0,900.0,1159.9306974492586,413.89243800000486,12026.024440000016,76943.0,80.0,,
81,1662294092,1000,GET,/,100.0,0.0,790.0,850.0,900.0,960.0,1400.0,2800.0,3400.0,3800.0,6700.0,6700.0,6700.0,3545,0,900.0,1154.9681102770107,413.89243800000486,12026.024440000016,76943.0,81.0,,
82,1662294092,1000,,Aggregated,100.0,0.0,790.0,850.0,900.0,960.0,1400.0,2800.0,3400.0,3800.0,6700.0,6700.0,6700.0,3545,0,900.0,1154.9681102770107,413.89243800000486,12026.024440000016,76943.0,82.0,,
83,1662294093,1000,GET,/,98.2,0.0,790.0,840.0,890.0,950.0,1500.0,2900.0,3700.0,4100.0,7800.0,7800.0,7800.0,3634,0,890.0,1155.6891850957632,413.89243800000486,12026.024440000016,76943.0,83.0,,
84,1662294093,1000,,Aggregated,98.2,0.0,790.0,840.0,890.0,950.0,1500.0,2900.0,3700.0,4100.0,7800.0,7800.0,7800.0,3634,0,890.0,1155.6891850957632,413.89243800000486,12026.024440000016,76943.0,84.0,,
85,1662294094,1000,GET,/,99.6,0.0,800.0,840.0,880.0,920.0,1100.0,1700.0,3500.0,4000.0,7800.0,7800.0,7800.0,3713,0,890.0,1149.3731293835176,413.89243800000486,12026.024440000016,76943.0,85.0,,
86,1662294094,1000,,Aggregated,99.6,0.0,800.0,840.0,880.0,920.0,1100.0,1700.0,3500.0,4000.0,7800.0,7800.0,7800.0,3713,0,890.0,1149.3731293835176,413.89243800000486,12026.024440000016,76943.0,86.0,,
87,1662294095,1000,GET,/,100.4,0.0,810.0,850.0,900.0,940.0,1100.0,1700.0,3300.0,4000.0,7800.0,7800.0,7800.0,3814,0,890.0,1143.7402306206086,413.89243800000486,12026.024440000016,76943.0,87.0,,
88,1662294095,1000,,Aggregated,100.4,0.0,810.0,850.0,900.0,940.0,1100.0,1700.0,3300.0,4000.0,7800.0,7800.0,7800.0,3814,0,890.0,1143.7402306206086,413.89243800000486,12026.024440000016,76943.0,88.0,,
89,1662294096,1000,GET,/,98.0,0.0,810.0,860.0,920.0,960.0,1600.0,3200.0,3800.0,4000.0,7800.0,7800.0,7800.0,3921,0,890.0,1155.9239770321349,413.89243800000486,12026.024440000016,76943.0,89.0,,
90,1662294096,1000,,Aggregated,98.0,0.0,810.0,860.0,920.0,960.0,1600.0,3200.0,3800.0,4000.0,7800.0,7800.0,7800.0,3921,0,890.0,1155.9239770321349,413.89243800000486,12026.024440000016,76943.0,90.0,,
91,1662294097,1000,GET,/,96.6,0.0,810.0,870.0,920.0,960.0,1600.0,3200.0,3800.0,4000.0,7800.0,7800.0,7800.0,4012,0,880.0,1149.5952735204398,413.89243800000486,12026.024440000016,76943.0,91.0,,
92,1662294097,1000,,Aggregated,96.6,0.0,810.0,870.0,920.0,960.0,1600.0,3200.0,3800.0,4000.0,7800.0,7800.0,7800.0,4012,0,880.0,1149.5952735204398,413.89243800000486,12026.024440000016,76943.0,92.0,,
93,1662294098,1000,GET,/,97.7,0.0,810.0,860.0,910.0,940.0,1300.0,2700.0,3700.0,4000.0,7800.0,7800.0,7800.0,4115,0,880.0,1141.609107326125,413.89243800000486,12026.024440000016,76943.0,93.0,,
94,1662294098,1000,,Aggregated,97.7,0.0,810.0,860.0,910.0,940.0,1300.0,2700.0,3700.0,4000.0,7800.0,7800.0,7800.0,4115,0,880.0,1141.609107326125,413.89243800000486,12026.024440000016,76943.0,94.0,,
95,1662294099,1000,GET,/,97.5,0.0,810.0,860.0,910.0,950.0,1400.0,2700.0,3700.0,3900.0,7800.0,7800.0,7800.0,4213,0,880.0,1136.6948816928568,413.89243800000486,12026.024440000016,76943.0,95.0,,
96,1662294099,1000,,Aggregated,97.5,0.0,810.0,860.0,910.0,950.0,1400.0,2700.0,3700.0,3900.0,7800.0,7800.0,7800.0,4213,0,880.0,1136.6948816928568,413.89243800000486,12026.024440000016,76943.0,96.0,,
97,1662294100,1000,GET,/,97.1,0.0,810.0,860.0,910.0,950.0,1500.0,3100.0,3800.0,3900.0,7800.0,7800.0,7800.0,4297,0,880.0,1136.9455686658146,413.89243800000486,12026.024440000016,76943.0,97.0,,
98,1662294100,1000,,Aggregated,97.1,0.0,810.0,860.0,910.0,950.0,1500.0,3100.0,3800.0,3900.0,7800.0,7800.0,7800.0,4297,0,880.0,1136.9455686658146,413.89243800000486,12026.024440000016,76943.0,98.0,,
99,1662294101,1000,GET,/,97.0,0.0,820.0,870.0,920.0,960.0,1400.0,2900.0,3800.0,3900.0,7800.0,7800.0,7800.0,4375,0,870.0,1132.6264496726856,413.89243800000486,12026.024440000016,76943.0,99.0,,
100,1662294101,1000,,Aggregated,97.0,0.0,820.0,870.0,920.0,960.0,1400.0,2900.0,3800.0,3900.0,7800.0,7800.0,7800.0,4375,0,870.0,1132.6264496726856,413.89243800000486,12026.024440000016,76943.0,100.0,,
101,1662294102,1000,GET,/,96.2,0.0,820.0,870.0,930.0,970.0,1500.0,2800.0,3700.0,3800.0,4000.0,4000.0,4000.0,4495,0,870.0,1133.7163291899883,413.89243800000486,12026.024440000016,76943.0,101.0,,
102,1662294102,1000,,Aggregated,96.2,0.0,820.0,870.0,930.0,970.0,1500.0,2800.0,3700.0,3800.0,4000.0,4000.0,4000.0,4495,0,870.0,1133.7163291899883,413.89243800000486,12026.024440000016,76943.0,102.0,,
103,1662294103,1000,GET,/,93.8,0.0,820.0,880.0,940.0,1000.0,2100.0,3100.0,3700.0,3900.0,11000.0,11000.0,11000.0,4585,0,870.0,1140.668786542638,413.89243800000486,12026.024440000016,76943.0,103.0,,
104,1662294103,1000,,Aggregated,93.8,0.0,820.0,880.0,940.0,1000.0,2100.0,3100.0,3700.0,3900.0,11000.0,11000.0,11000.0,4585,0,870.0,1140.668786542638,413.89243800000486,12026.024440000016,76943.0,104.0,,
105,1662294104,1000,GET,/,94.8,0.0,820.0,880.0,930.0,990.0,2200.0,3100.0,3800.0,3900.0,18000.0,18000.0,18000.0,4663,0,870.0,1140.489550170491,413.89243800000486,18000.098334000002,76943.0,105.0,,
106,1662294104,1000,,Aggregated,94.8,0.0,820.0,880.0,930.0,990.0,2200.0,3100.0,3800.0,3900.0,18000.0,18000.0,18000.0,4663,0,870.0,1140.489550170491,413.89243800000486,18000.098334000002,76943.0,106.0,,
107,1662294105,1000,GET,/,95.3,0.0,830.0,880.0,930.0,970.0,1400.0,2800.0,3400.0,3900.0,18000.0,18000.0,18000.0,4768,0,870.0,1136.5072534748315,413.89243800000486,18000.098334000002,76943.0,107.0,,
108,1662294105,1000,,Aggregated,95.3,0.0,830.0,880.0,930.0,970.0,1400.0,2800.0,3400.0,3900.0,18000.0,18000.0,18000.0,4768,0,870.0,1136.5072534748315,413.89243800000486,18000.098334000002,76943.0,108.0,,
109,1662294106,1000,GET,/,94.9,0.0,830.0,890.0,940.0,1000.0,2000.0,2900.0,3600.0,3900.0,18000.0,18000.0,18000.0,4871,0,870.0,1142.23139873414,413.89243800000486,18000.098334000002,76943.0,109.0,,
110,1662294106,1000,,Aggregated,94.9,0.0,830.0,890.0,940.0,1000.0,2000.0,2900.0,3600.0,3900.0,18000.0,18000.0,18000.0,4871,0,870.0,1142.23139873414,413.89243800000486,18000.098334000002,76943.0,110.0,,
111,1662294107,1000,GET,/,96.1,0.0,840.0,900.0,950.0,1000.0,2200.0,3000.0,3700.0,3900.0,18000.0,18000.0,18000.0,4938,0,870.0,1139.8210090959894,413.89243800000486,18000.098334000002,76943.0,111.0,,
112,1662294107,1000,,Aggregated,96.1,0.0,840.0,900.0,950.0,1000.0,2200.0,3000.0,3700.0,3900.0,18000.0,18000.0,18000.0,4938,0,870.0,1139.8210090959894,413.89243800000486,18000.098334000002,76943.0,112.0,,
113,1662294108,1000,GET,/,95.2,0.0,850.0,910.0,960.0,1000.0,2200.0,3000.0,3700.0,3900.0,18000.0,18000.0,18000.0,5033,0,870.0,1136.0374677770708,413.89243800000486,18000.098334000002,76943.0,113.0,,
114,1662294108,1000,,Aggregated,95.2,0.0,850.0,910.0,960.0,1000.0,2200.0,3000.0,3700.0,3900.0,18000.0,18000.0,18000.0,5033,0,870.0,1136.0374677770708,413.89243800000486,18000.098334000002,76943.0,114.0,,
115,1662294109,1000,GET,/,93.4,0.0,860.0,920.0,970.0,1000.0,2300.0,3000.0,3400.0,3800.0,18000.0,18000.0,18000.0,5136,0,870.0,1140.9207601543994,413.89243800000486,18000.098334000002,76943.0,115.0,,
116,1662294109,1000,,Aggregated,93.4,0.0,860.0,920.0,970.0,1000.0,2300.0,3000.0,3400.0,3800.0,18000.0,18000.0,18000.0,5136,0,870.0,1140.9207601543994,413.89243800000486,18000.098334000002,76943.0,116.0,,
117,1662294110,1000,GET,/,91.1,0.0,850.0,910.0,970.0,1100.0,2400.0,3200.0,3800.0,4000.0,18000.0,18000.0,18000.0,5209,0,870.0,1143.7926162163558,413.89243800000486,18000.098334000002,76943.0,117.0,,
118,1662294110,1000,,Aggregated,91.1,0.0,850.0,910.0,970.0,1100.0,2400.0,3200.0,3800.0,4000.0,18000.0,18000.0,18000.0,5209,0,870.0,1143.7926162163558,413.89243800000486,18000.098334000002,76943.0,118.0,,
119,1662294111,986,GET,/,91.1,0.0,860.0,910.0,960.0,1000.0,2500.0,3300.0,3800.0,4000.0,18000.0,18000.0,18000.0,5255,0,870.0,1141.470730784015,413.89243800000486,18000.098334000002,76943.0,119.0,,
120,1662294111,986,,Aggregated,91.1,0.0,860.0,910.0,960.0,1000.0,2500.0,3300.0,3800.0,4000.0,18000.0,18000.0,18000.0,5255,0,870.0,1141.470730784015,413.89243800000486,18000.098334000002,76943.0,120.0,,
